Co_ID,PO ID,Exchange,Name," Root
Ticker "," Market Cap (C$)
30-November-2020 "," O/S Shares
30-November-2020 ", Technology Sub-Sector ,Sector, Sub-Sector ,"HQ
Location","HQ
Region",Listing Type,Listing Date,QT Date,RTO Date,Date of Amalgamation,Trading on OTC,"CPC/
Former
CPC","2020
Venture 50",S&P/TSX Venture Composite Index,USA City,USA State,Asia Region,Isreal Related,Section," Volume YTD
30-November-2020 "," Value (C$) YTD
30-November-2020 "," Number of 
Trades YTD
30-November-2020 "," Number of
Months in
Trading Data "
V-04204,1171065,TSXV,01 Communique Laboratory Inc.,ONE,"  32,136,641 ","  91,818,973 ",Software,Technology,,ON,Canada,TSX Comedown,20140731,,,,,No,,,,,,,Tier2,"  19,017,271 ","  4,534,269 ","  3,557 ",11
V-04427,1181078,TSXV,A2Z Smart Technologies Corp.,AZ,"  48,749,430 ","  62,499,269 ",Hardware & Equipment,Technology,,Israel,Other,QT,20180418,20191223,,,,Yes,,,,,,Y,Tier2,"  6,945,186 ","  4,321,562 ","  2,566 ",11
V-01580,1099471,TSXV,Acceleware Ltd.,AXE,"  13,736,992 ","  105,669,170 ",Software,Technology,,AB,Canada,QT,20050406,20060119,,,,Yes,,Y,,,,,Tier2,"  5,379,650 ","  572,389 ",  783 ,11
V-02096,1024008,TSXV,Ackroo Inc.,AKR,"  17,365,206 ","  102,148,269 ",Internet Software & Services,Technology,,ON,Canada,RTO,,,20121010,,,Yes,,,,,,,Tier2,"  12,856,361 ","  1,682,586 ","  1,007 ",11
V-04500,1181511,TSXV,Adcore Inc.,ADCO,"  35,430,782 ","  56,239,336 ",Internet Software & Services,Technology,,Israel,Other,QT,20181026,20190529,,,,Yes,,,,,,Y,Tier1,"  9,942,722 ","  6,276,283 ","  3,195 ",11
V-00041,10983,TSXV,Advent-AWI Holdings Inc.,AWI,"  12,293,578 ","  11,935,513 ",Communication Technology,Technology,,BC,Canada,,,,,,,No,,,,,,,Tier2,"  291,044 ","  303,908 ",  150 ,11
V-03017,1124605,TSXV,AirIQ Inc.,IQ,"  10,141,842 ","  29,828,947 ",Software,Technology,,ON,Canada,TSX Comedown,20090909,,,,,No,,,,,,,Tier2,"  8,618,853 ","  2,433,448 ","  1,639 ",11
V-00081,1094985,TSXV,Alphinat Inc.,NPA,"  3,473,193 ","  63,148,956 ",Internet Software & Services,Technology,,Quebec,Canada,QT,,20050427,,,,Yes,,,,,,,Tier2,"  3,457,804 ","  160,742 ",  126 ,11
V-01433,1064945,TSXV,AnalytixInsight Inc.,ALY,"  62,464,363 ","  81,122,549 ",Software,Technology,,BC,Canada,,,,,,OTCQB,No,Y,Y,,,,,Tier2,"  24,216,579 ","  11,623,417 ","  6,314 ",11
V-04125,1163405,TSXV,Aquarius AI Inc.,AQUA,"  2,360,780 ","  24,850,316 ",Communication Technology,Technology,,BC,Canada,QT,20130507,20180131,,,,Yes,,,,,,,Tier2,"  31,819,972 ","  1,067,666 ","  1,946 ",11
V-02084,30646,TSXV,ARHT Media Inc.,ART,"  30,589,103 ","  92,694,251 ",Software,Technology,,ON,Canada,RTO,,,20141017,,,No,,,,,,,Tier2,"  122,478,440 ","  51,970,556 ","  28,700 ",11
V-00141,1019948,TSXV,Armada Data Corporation,ARD,"  1,855,378 ","  17,670,265 ",IT Consulting & Services,Technology,,ON,Canada,,,,,,,No,,,,,,,Tier2,"  3,837,448 ","  330,730 ",  227 ,11
V-04375,1179775,TSXV,Astron Connect Inc.,AST,"  2,880,612 ","  82,303,211 ",Internet Software & Services,Technology,,BC,Canada,QT,20171003,20180830,,,,Yes,,,,,,,Tier2,"  870,273 ","  37,406 ",  41 ,10
V-02754,1117125,TSXV,ATW Tech Inc.,ATW,"  8,640,342 ","  192,007,606 ",Software,Technology,,Quebec,Canada,RTO,20080320,20100324,20121211,,,Yes,,,,,,,Tier2,"  23,447,679 ","  817,007 ","  1,234 ",11
V-02434,1109863,TSXV,Avante Logixx Inc.,XX,"  26,490,005 ","  21,192,004 ",Hardware & Equipment,Technology,,ON,Canada,QT,20070112,20080404,,,,Yes,,,,,,,Tier2,"  4,617,479 ","  4,961,456 ","  1,259 ",11
V-03910,1150455,TSXV,Axion Ventures Inc.,AXV,"  46,671,994 ","  245,642,076 ",Software,Technology,Gaming,China,Asia,QT from NEX,20111202,20160518,,,OTCQX,Yes,,,,,Shanghai,,Tier1,"  2,215,329 ","  485,991 ",  617 ,8
V-01507,1091046,TSXV,Backstageplay Inc.,BP,"  1,534,671 ","  15,346,706 ",Internet Software & Services,Technology,,BC,Canada,Other,20050617,,,,,No,,,,,,,Tier2,"  1,542,124 ","  113,329 ",  206 ,7
V-02641,1114705,TSXV,betterU Education Corp.,BTRU,"  1,565,435 ","  78,271,751 ",Internet Software & Services,Technology,,ON,Canada,COB,20170308,,,,,Yes,,,,,,,Tier2,"  8,128,389 ","  360,608 ",  495 ,7
V-01794,1062186,TSXV,BeWhere Holdings Inc.,BEW,"  19,774,809 ","  87,888,039 ",Software,Technology,,ON,Canada,RTO from NEX,,,20160209,,OTCQB,No,,,,,,,Tier2,"  27,799,847 ","  4,383,085 ","  3,727 ",11
V-04579,1182715,TSXV,Bitfarms Ltd.,BITF,"  69,437,234 ","  85,724,980 ",Blockchain/Cryptocurrency,Technology,Blockchain/Cryptocurrency,Quebec,Canada,Other,20190716,,,,,No,,,,,,Y,Tier2,"  38,847,818 ","  21,785,213 ","  25,022 ",11
V-02557,1112686,TSXV,Blackline Safety Corp.,BLN,"  357,011,122 ","  48,310,030 ",Internet Software & Services,Technology,,AB,Canada,QT,20070709,20090305,,,,Yes,,Y,,,,,Tier2,"  4,035,514 ","  24,409,318 ","  3,271 ",11
V-01089,18596,TSXV,BlockchainK2 Corp.,BITK,"  5,931,501 ","  16,250,687 ",Blockchain/Cryptocurrency,Technology,Blockchain/Cryptocurrency,BC,Canada,COB,20180530,,,,OTCQB,No,,,,,,,Tier2,"  3,549,106 ","  1,232,761 ","  1,401 ",11
V-01730,1092769,TSXV,BlockMint Technologies Inc.,BKMT,"  6,197,670 ","  44,269,068 ",Blockchain/Cryptocurrency,Technology,Blockchain/Cryptocurrency,USA,USA,RTO from NEX,,,20190221,,,No,,,Portland,OR,,,Tier2,"  942,788 ","  97,776 ",  119 ,10
V-01833,1097409,TSXV,BlueRush Inc.,BTV,"  5,877,468 ","  78,366,242 ",Software,Technology,,ON,Canada,QT,20050117,20070508,,,,Yes,,,,,,,Tier2,"  3,790,118 ","  246,420 ",  276 ,11
V-04451,1181491,TSXV,Boardwalktech Software Corp.,BWLK,"  10,306,929 ","  20,209,664 ",Blockchain/Cryptocurrency,Technology,Blockchain/Cryptocurrency,USA,USA,Other,20180611,,,,,No,,,Cupertino,CA,,,Tier2,"  2,660,433 ","  1,428,772 ",  969 ,11
V-01767,29468,TSXV,BPLI Holdings Inc.,BPLI,"  16,018,019 ","  106,786,793 ",Internet Software & Services,Technology,,NL,Canada,RTO,,,20120127,,,No,,,,,,,Tier2,"  2,505,642 ","  251,174 ",  244 ,11
V-01705,1099111,TSXV,Bragg Gaming Group Inc.,BRAG,"  94,684,630 ","  115,469,061 ",Internet Software & Services,Technology,,ON,Canada,QT,20050318,20070709,,,OTCQX,Yes,,Y,,,,,Tier1,"  74,013,492 ","  46,018,146 ","  17,133 ",11
V-04667,1184080,TSXV,Carebook Technologies Inc.,CRBK,"  45,765,942 ","  30,510,628 ",Software,Technology,,Quebec,Canada,Other,20201006,,,,,No,,,,,,,Tier1,"  4,785,285 ","  8,840,230 ","  8,038 ",2
V-00293,1054309,TSXV,C-Com Satellite Systems Inc.,CMI,"  102,580,178 ","  39,302,750 ",Communication Technology,Technology,,ON,Canada,,,,,,,No,,Y,,,,,Tier1,"  8,097,254 ","  18,563,341 ","  7,969 ",11
V-04645,1183990,TSXV,CloudMD Software & Services Inc.,DOC,"  398,332,574 ","  163,922,870 ",Internet Software & Services,Technology,,BC,Canada,Other,20200604,,,,,No,,,,,,,Tier1,"  265,531,305 ","  515,376,883 ","  275,207 ",6
V-01085,15624,TSXV,Contagious Gaming Inc.,CNS,"  1,326,094 ","  29,468,745 ",Software,Technology,Gaming,ON,Canada,RTO,,,20140923,,,No,,,,,,,Tier2,"  2,064,739 ","  72,347 ",  236 ,11
V-04430,1181118,TSXV,Converge Technology Solutions Corp.,CTS,"  414,095,624 ","  127,414,038 ",IT Consulting & Services,Technology,,BC,Canada,QT,20180430,20181113,,,OTCQX,Yes,Y,Y,,,,,Tier2,"  57,339,607 ","  124,923,150 ","  49,842 ",11
V-04339,1179390,TSXV,Cryptostar Corp.,CSTR,"  14,221,565 ","  218,793,300 ",Blockchain/Cryptocurrency,Technology,Blockchain/Cryptocurrency,ON,Canada,QT,20170519,20181002,,,,Yes,,,,,,,Tier1,"  127,967,127 ","  7,463,105 ","  7,204 ",11
V-04581,1182726,TSXV,CubicFarm Systems Corp.,CUB,"  89,230,497 ","  84,179,714 ",Hardware & Equipment,Technology,Agriculture,BC,Canada,Other,20190729,,,,,No,,,,,,,Tier1,"  11,715,116 ","  8,333,480 ","  5,236 ",11
V-04527,1181445,TSXV,CurrencyWorks Inc.,CWRK,"  1,920,932 ","  34,926,033 ",Blockchain/Cryptocurrency,Technology,Blockchain/Cryptocurrency,USA,USA,Other,20181204,,,,OTCQB,No,,,Los Angeles,CA,,,Tier2,"  5,916,017 ","  395,159 ",  464 ,11
V-02333,1104706,TSXV,Darelle Online Solutions Inc.,DAR,"  1,105,622 ","  73,708,147 ",Internet Software & Services,Technology,Gaming,BC,Canada,QT,20060728,20071102,,,,Yes,,,,,,,Tier2,,,,
V-04061,1151746,TSXV,Datable Technology Corporation,DAC,"  6,473,693 ","  129,473,856 ",Software,Technology,,BC,Canada,QT,20121026,20141110,,,,Yes,,,,,,,Tier2,"  116,570,103 ","  4,791,886 ","  3,560 ",11
V-03912,1150876,TSXV,Datametrex AI Limited,DM,"  25,460,691 ","  268,007,270 ",Hardware & Equipment,Technology,,ON,Canada,QT from NEX,20111213,20170612,,,,Yes,,Y,,,,,Tier2,"  566,711,782 ","  71,911,075 ","  43,443 ",11
V-02833,1117857,TSXV,DeepMarkit Corp.,MKT,"  532,379 ","  17,745,967 ",Internet Software & Services,Technology,,AB,Canada,QT,20080620,20091215,,,,Yes,,,,,,,Tier2,"  2,442,175 ","  76,678 ",  307 ,11
V-04376,1179320,TSXV,Delphx Capital Markets Inc.,DELX,"  7,728,523 ","  96,606,542 ",Blockchain/Cryptocurrency,Technology,Blockchain/Cryptocurrency,ON,Canada,QT,20171024,20180427,,,,Yes,,,,,,,Tier2,"  4,613,622 ","  407,499 ",  645 ,11
V-03652,1116662,TSXV,Destiny Media Technologies Inc.,DSY,"  9,538,898 ","  10,598,775 ",Internet Software & Services,Technology,,BC,Canada,Other,20101012,,,,OTCQB,No,,,,,,,Tier2,"  1,000,124 ","  938,735 ",  602 ,11
V-04662,1180410,TSXV,Deveron Corp.,FARM,"  22,739,678 ","  51,681,086 ",Software,Technology,Agriculture,ON,Canada,Other,20200921,,,,,No,,,,,,,Tier2,"  3,532,061 ","  1,152,039 ",  451 ,3
V-00550,1064895,TSXV,Diagnos Inc.,ADK,"  37,483,037 ","  64,625,925 ",IT Consulting & Services,Technology,,Quebec,Canada,,,,,,OTCQB,No,,,,,,,Tier2,"  30,809,558 ","  10,483,148 ","  5,102 ",11
V-04392,1180620,TSXV,Digihost Technology Inc.,DGHI,"  14,426,518 ","  40,073,661 ",Blockchain/Cryptocurrency,Technology,Blockchain/Cryptocurrency,BC,Canada,RTO,20171218,,20200220,,OTCQB,No,,,,,,,Tier2,"  24,001,704 ","  2,342,656 ","  4,373 ",11
V-04047,1157850,TSXV,DMG Blockchain Solutions Inc.,DMGI,"  33,179,788 ","  100,544,812 ",Blockchain/Cryptocurrency,Technology,Blockchain/Cryptocurrency,BC,Canada,QT,20120927,20180213,,,OTCQB,Yes,,,,,,,Tier2,"  121,688,328 ","  16,221,952 ","  13,563 ",11
V-04390,1180051,TSXV,Drone Delivery Canada Corp.,FLT,"  190,753,288 ","  192,680,089 ",Hardware & Equipment,Technology,,ON,Canada,Other,20171227,,,,OTCQX,No,,Y,,,,,Tier2,"  109,859,811 ","  82,013,893 ","  89,427 ",11
V-00523,1020568,TSXV,DXStorm.com Inc.,DXX,"  829,180 ","  20,729,508 ",Internet Software & Services,Technology,,ON,Canada,,,,,,,No,,,,,,,Tier2,"  906,835 ","  78,764 ",  138 ,7
V-01079,1024001,TSXV,Edgewater Wireless Systems Inc.,YFI,"  14,427,784 ","  169,738,630 ",Communication Technology,Technology,,ON,Canada,RTO from NEX,,,20111102,,OTCQB,No,,,,,,,Tier2,"  20,503,998 ","  936,429 ","  1,363 ",10
V-01338,1100569,TSXV,Ellipsiz Communications Ltd.,ECT,"  309,996 ","  30,999,641 ",Communication Technology,Technology,,Taiwan,Asia,RTO from NEX,20050223,,20151126,,,No,,,,,Taiwan,,Tier2,"  561,090 ","  15,864 ",  78 ,6
V-01482,817378,TSXV,Enablence Technologies Inc.,ENA,"  9,628,911 ","  641,927,418 ",Hardware & Equipment,Technology,,ON,Canada,RTO,,,20060727,,,No,,,,,,,Tier1,"  3,956,011 ","  54,520 ",  243 ,6
V-02864,1119023,TSXV,Engagement Labs Inc.,EL,"  4,682,865 ","  234,143,241 ",Internet Software & Services,Technology,,Quebec,Canada,QT,20080725,20090512,,,,Yes,,,,,,,Tier2,"  17,847,377 ","  462,317 ",  810 ,11
V-03974,1152870,TSXV,"Engine Media Holdings, Inc.",GAME,"  68,517,988 ","  7,786,135 ",Internet Software & Services,Technology,Gaming,ON,Canada,QT from NEX,20120307,20161027,,,OTCQB,Yes,,,,,,,Tier2,"  52,567,299 ","  57,830,262 ","  26,191 ",11
V-04242,1174145,TSXV,EQ Inc.,EQ,"  63,682,644 ","  48,244,427 ",Internet Software & Services,Technology,,ON,Canada,TSX Comedown,20150331,,,,,No,,Y,,,,,Tier2,"  7,339,513 ","  8,370,477 ","  3,000 ",11
V-04025,1150330,TSXV,eQube Gaming Limited,EQG,"  1,359,933 ","  30,220,727 ",Software,Technology,,AB,Canada,QT,20120629,20141104,,,,Yes,,,,,,,Tier2,"  1,398,080 ","  69,061 ",  75 ,10
V-04440,1181270,TSXV,Facedrive Inc.,FD,"  1,246,608,734 ","  93,729,980 ",Internet Software & Services,Technology,,ON,Canada,QT,20180530,20190919,,,,Yes,,Y,,,,,Tier2,"  25,995,647 ","  353,634,194 ","  115,475 ",11
V-01683,1095337,TSXV,Fintech Select Ltd.,FTEC,"  2,834,981 ","  70,874,515 ",Software,Technology,,ON,Canada,QT,,20061011,,,,Yes,,,,,,,Tier2,"  27,435,706 ","  859,250 ","  1,723 ",11
V-03863,1150720,TSXV,First Global Data Limited,FGD,"  17,848,661 ","  254,980,876 ",Internet Software & Services,Technology,,ON,Canada,QT,20110929,20121130,,,,Yes,,,,,,,Tier2,,,,
V-03755,1143030,TSXV,FluroTech Ltd.,TEST,"  8,141,072 ","  54,273,814 ",Hardware & Equipment,Technology,Cannabis,AB,Canada,QT from NEX,20110322,20180612,,,OTCQB,Yes,,,,,,,Tier2,"  19,366,571 ","  4,593,729 ","  3,925 ",11
V-00043,1076112,TSXV,FLYHT Aerospace Solutions Ltd.,FLY,"  15,885,094 ","  26,041,137 ",Communication Technology,Technology,,AB,Canada,,,,,,OTCQX,Yes,,Y,,,,,Tier2,"  10,659,718 ","  7,751,456 ","  5,958 ",11
V-03913,1153360,TSXV,Fortress Technologies Inc.,FORT,"  13,332,677 ","  70,171,984 ",Blockchain/Cryptocurrency,Technology,Blockchain/Cryptocurrency,ON,Canada,QT from NEX,20111228,20180822,,,,Yes,,,,,,,Tier1,"  17,917,001 ","  2,473,069 ",  925 ,11
V-03948,1150705,TSXV,G6 Material Corp.,GGG,"  6,299,057 ","  96,908,575 ",Hardware & Equipment,Technology,,USA,USA,RTO,20120206,,20140811,,OTCQB,No,,,Ronkonkoma,NY,,,Tier2,"  59,674,381 ","  4,842,747 ","  6,082 ",11
V-03715,1140775,TSXV,Gatekeeper Systems Inc.,GSI,"  55,428,090 ","  89,400,145 ",Hardware & Equipment,Technology,,BC,Canada,QT,20110107,20130226,,,,Yes,,Y,,,,,Tier2,"  76,810,799 ","  34,796,076 ","  19,009 ",11
V-03681,1137059,TSXV,Geekco Technologies Corporation,GKO,"  15,767,391 ","  36,246,875 ",Communication Technology,Technology,,Quebec,Canada,QT from NEX,20101105,20201014,,,,Yes,,,,,,,Tier2,"  1,290,060 ","  484,847 ",  246 ,3
V-03053,1121856,TSXV,GINSMS Inc.,GOK,"  4,493,816 ","  149,793,861 ",Communication Technology,Technology,,Hong Kong,Asia,IPO,20091218,,,,,No,,,,,Hong Kong,,Tier2,"  1,309,539 ","  69,137 ",  189 ,9
V-04090,1161420,TSXV,Globalive Technology Inc.,LIVE,"  697,707 ","  6,977,073 ",Blockchain/Cryptocurrency,Technology,Blockchain/Cryptocurrency,ON,Canada,QT from NEX,20121228,20180613,,,,Yes,,,,,,,Tier2,"  4,047,224 ","  271,699 ",  389 ,6
V-04361,1179987,TSXV,Goldspot Discoveries Corp.,SPOT,"  39,784,448 ","  94,724,876 ",Software,Technology,Mining Services,ON,Canada,QT,20170824,20190221,,,,Yes,,,,,,,Tier1,"  37,003,774 ","  7,545,627 ","  5,905 ",11
V-04332,1178925,TSXV,Golo Mobile Inc.,WLTR,"  23,226,769 ","  154,845,125 ",Internet Software & Services,Technology,,Quebec,Canada,QT,20170321,20190702,,,,Yes,,,,,,,Tier2,"  7,055,563 ","  1,881,555 ","  1,335 ",11
V-04668,1184225,TSXV,"Hapbee Technologies, Inc.",HAPB,"  25,538,836 ","  47,294,140 ",Hardware & Equipment,Technology,,BC,Canada,Other,20201030,,,,,No,,,,,,,Tier2,"  3,852,113 ","  2,447,251 ",  910 ,2
V-00223,28597,TSXV,Helix Applications Inc.,HELX,"  9,003,530 ","  51,448,741 ",Software,Technology,,AB,Canada,COB,20181030,,,,,No,,,,,,,Tier2,"  776,159 ","  97,205 ",  162 ,10
V-01553,16826,TSXV,HIVE Blockchain Technologies Ltd.,HIVE,"  432,088,205 ","  345,670,564 ",Blockchain/Cryptocurrency,Technology,Blockchain/Cryptocurrency,BC,Canada,RTO from NEX,,,20170918,,OTCQX,No,,Y,,,,,Tier2,"  748,201,342 ","  305,817,792 ","  160,011 ",11
V-04302,1177340,TSXV,H-Source Holdings Ltd.,HSI,"  2,113,574 ","  70,452,463 ",Internet Software & Services,Technology,,USA,USA,Other,20160725,,,,OTCQB,No,,,Spokane,WA,,,Tier2,"  4,088,117 ","  168,207 ",  320 ,7
V-01688,35648,TSXV,Hunter Technology Corp.,HOC,"  36,879,141 ","  33,224,451 ",Blockchain/Cryptocurrency,Technology,Energy Services,BC,Canada,Other,,,,,OTCQX,No,,,,,,,Tier2,"  849,021 ","  738,511 ","  1,008 ",11
V-00418,38980,TSXV,Identillect Technologies Corp.,ID,"  2,208,239 ","  147,215,964 ",Internet Software & Services,Technology,,USA,USA,RTO from NEX,,,20160525,,,No,,,San Juan Capistrano,CA,,,Tier2,"  35,616,238 ","  488,356 ","  1,127 ",11
V-02599,1115128,TSXV,iLOOKABOUT Corp.,ILA,"  75,435,457 ","  163,990,123 ",Software,Technology,,ON,Canada,QT,20070917,20080407,,,OTCQB,Yes,,,,,,,Tier2,"  26,583,086 ","  5,893,800 ","  3,315 ",10
V-02699,1115160,TSXV,iMining Blockchain and Cryptocurrency Inc.,IMIN,"  2,307,496 ","  38,458,265 ",Blockchain/Cryptocurrency,Technology,Blockchain/Cryptocurrency,BC,Canada,COB,20180420,,,,,Yes,,,,,,,Tier2,"  15,326,998 ","  880,781 ","  1,817 ",10
V-03717,1122416,TSXV,INEO Tech Corp.,INEO,"  8,949,763 ","  40,680,740 ",Hardware & Equipment,Technology,,BC,Canada,RTO,20180130,,20200129,,,No,,,,,,,Tier2,"  2,379,462 ","  608,499 ",  427 ,11
V-03965,1152882,TSXV,InsuraGuest Technologies Inc.,ISGI,"  8,392,155 ","  41,960,777 ",Software,Technology,,BC,Canada,COB,20200228,,,,,No,,,,,,,Tier2,"  4,326,783 ","  774,360 ",  676 ,10
V-00307,1074165,TSXV,Intema Solutions Inc.,ITM,"  1,595,076 ","  79,753,790 ",Software,Technology,,Quebec,Canada,,,,,,,Yes,,,,,,,Tier2,"  16,323,471 ","  682,999 ",  913 ,11
V-00489,1060776,TSXV,Interlapse Technologies Corp.,INLA,"  10,739,116 ","  30,683,189 ",Software,Technology,,BC,Canada,COB,20190530,,,,OTCQB,No,,,,,,,Tier2,"  2,758,667 ","  489,126 ",  717 ,11
V-00972,1023824,TSXV,Intouch Insight Ltd.,INX,"  13,361,618 ","  22,646,811 ",Software,Technology,,ON,Canada,,,,,,OTCQB,No,,,,,,,Tier1,"  5,456,206 ","  2,750,873 ","  1,657 ",11
V-02786,1116144,TSXV,iSign Media Solutions Inc.,ISD,"  5,229,426 ","  149,412,173 ",Communication Technology,Technology,,ON,Canada,QT,20080408,20090904,,,,Yes,,,,,,,Tier2,"  37,104,409 ","  1,979,203 ","  2,142 ",11
V-01032,1044264,TSXV,Ivrnet Inc.,IVI,"  1,399,488 ","  69,974,395 ",Software,Technology,,AB,Canada,,,,,,,No,,,,,,,Tier2,"  16,373,916 ","  323,315 ",  419 ,11
V-01124,11243,TSXV,Jackpot Digital Inc.,JJ,"  1,679,510 ","  25,838,608 ",Internet Software & Services,Technology,Gaming,BC,Canada,,,,,,OTCQB,No,,,,,,,Tier2,"  22,696,487 ","  638,777 ","  1,342 ",11
V-01044,1023969,TSXV,Jemtec Inc.,JTC,"  3,803,624 ","  2,716,874 ",Hardware & Equipment,Technology,,BC,Canada,,,,,,,No,,,,,,,Tier2,"  459,098 ","  681,671 ",  435 ,11
V-04385,1179250,TSXV,Katipult Technology Corp.,FUND,"  17,319,829 ","  69,279,316 ",Software,Technology,,BC,Canada,Other,20171115,,,,,No,,,,,,,Tier2,"  3,301,306 ","  881,294 ",  799 ,11
V-04259,1174675,TSXV,Kidoz Inc.,KIDZ,"  68,184,994 ","  131,124,989 ",Internet Software & Services,Technology,,Anguilla,Latin America,Other,20150702,,,,,No,,,,,,,Tier2,"  1,081,158 ","  316,493 ",  263 ,11
V-00130,1023278,TSXV,Killi Ltd.,MYID,"  37,825,048 ","  290,961,909 ",Software,Technology,,ON,Canada,RTO from NEX,,,20190619,,,No,,,,,,,Tier2,"  65,489,848 ","  9,881,092 ","  6,754 ",11
V-04303,1176912,TSXV,"kneat.com, inc.",KSI,"  141,574,797 ","  67,416,570 ",Hardware & Equipment,Technology,,Ireland,UK/Europe,Other,20160705,,,,,No,Y,Y,,,,,Tier1,"  13,125,761 ","  27,700,698 ","  13,485 ",11
V-00006,1068335,TSXV,Kona Bay Technologies Inc.,KBY,"  337,303 ","  7,495,633 ",Internet Software & Services,Technology,,BC,Canada,,,,,,,Yes,,,,,,,Tier2,"  98,634 ","  3,421 ",  18 ,4
V-03617,1119285,TSXV,Kraken Robotics Inc.,PNG,"  93,298,158 ","  166,603,853 ",Hardware & Equipment,Technology,,BC,Canada,QT from NEX,20100806,20150224,,,OTCQB,Yes,Y,Y,,,,,Tier2,"  52,346,034 ","  30,259,536 ","  22,419 ",11
V-04264,1175883,TSXV,Kuuhubb Inc.,KUU,"  5,296,507 ","  55,752,709 ",Internet Software & Services,Technology,,Finland,UK/Europe,COB,20170616,,,,,No,,,,,,,Tier2,"  16,428,097 ","  2,435,234 ","  1,064 ",11
V-04456,1180950,TSXV,KWESST Micro Systems Inc.,KWE,"  32,600,789 ","  41,266,821 ",Hardware & Equipment,Technology,,BC,Canada,QT,20180615,20200922,,,,Yes,,,,,,,Tier2,"  3,388,736 ","  2,567,157 ","  1,094 ",5
V-01106,1023991,TSXV,Labrador Technologies Inc.,LTX,"  355,932 ","  8,898,312 ",Software,Technology,,AB,Canada,,,,,,,No,,,,,,,Tier2,"  36,903,263 ","  196,353 ",  579 ,6
V-04580,1183070,TSXV,Leaf Mobile Inc.,LEAF,"  64,032,375 ","  213,441,250 ",Software,Technology,,BC,Canada,QT,20190715,20200421,,,,Yes,,,,,,,Tier2,"  15,335,534 ","  5,170,985 ","  3,069 ",7
V-02990,1121870,TSXV,LeoNovus Inc.,LTV,"  3,472,934 ","  9,514,888 ",Blockchain/Cryptocurrency,Technology,Blockchain/Cryptocurrency,USA,USA,QT,20090610,20101105,,,,Yes,,,Palo Alto,CA,,,Tier2,"  138,249,071 ","  3,643,455 ","  4,524 ",9
V-04130,1163680,TSXV,"Liberty Defense Holdings, Ltd.",SCAN,"  6,654,972 ","  66,549,721 ",Hardware & Equipment,Technology,,ON,Canada,QT from NEX,20130614,20190409,,,OTCQB,Yes,,,,,,,Tier2,"  2,275,882 ","  185,701 ",  372 ,3
V-04320,1177337,TSXV,Lite Access Technologies Inc.,LTE,"  10,980,665 ","  33,786,663 ",Hardware & Equipment,Technology,,BC,Canada,Other,20161213,,,,,No,,Y,,,,,Tier1,"  38,063,778 ","  21,329,158 ","  11,362 ",11
V-03090,1118769,TSXV,Loop Insights Inc.,MTRX,"  82,244,888 ","  91,383,209 ",Software,Technology,,BC,Canada,RTO from NEX,20100216,,20190619,,,No,,,,,,,Tier2,"  177,627,052 ","  68,436,566 ","  52,225 ",11
V-03112,1128440,TSXV,Loopshare Ltd.,LOOP,"  2,835,255 ","  29,844,786 ",Hardware & Equipment,Technology,,BC,Canada,RTO,20100415,20120402,20160708,,OTCQB,Yes,,,,,,,Tier2,"  3,553,955 ","  857,870 ","  1,179 ",11
V-00540,17297,TSXV,Martello Technologies Group Inc.,MTLO,"  53,436,611 ","  267,183,056 ",Internet Software & Services,Technology,,ON,Canada,RTO from NEX,,,20180912,,,No,,Y,,,,,Tier2,"  116,618,721 ","  26,279,116 ","  19,099 ",11
V-04045,1156155,TSXV,mCloud Technologies Corp.,MCLD,"  45,638,048 ","  27,492,800 ",Internet Software & Services,Technology,,BC,Canada,RTO,20120831,,20171018,,OTCQB,No,Y,Y,,,,,Tier2,"  11,302,410 ","  39,978,810 ","  20,877 ",11
V-04283,1175755,TSXV,MCX Technologies Corporation,MCX,"  2,451,139 ","  20,426,158 ",Software,Technology,,USA,USA,Other,20160203,,,,OTCQB,No,,,San Francisco,CA,,,Tier2,"  448,100 ","  31,417 ",  53 ,7
V-02070,1023658,TSXV,MediaValet Inc.,MVP,"  89,407,658 ","  38,045,812 ",Internet Software & Services,Technology,,BC,Canada,,,,,,,No,Y,,,,,,Tier2,"  12,506,541 ","  19,300,538 ","  7,121 ",11
V-03930,1150740,TSXV,Memex Inc.,OEE,"  2,037,345 ","  135,822,995 ",Software,Technology,,ON,Canada,QT,20120118,20131101,,,,Yes,,,,,,,Tier2,"  40,524,236 ","  778,943 ","  1,427 ",11
V-04425,1180570,TSXV,Minerva Intelligence Inc.,MVAI,"  5,361,001 ","  44,675,005 ",Software,Technology,,BC,Canada,QT,20180326,20190605,,,,Yes,,,,,,,Tier2,"  4,218,341 ","  422,396 ",  612 ,11
V-04417,1180660,TSXV,MOBI724 Global Solutions Inc.,MOS,"  7,653,731 ","  218,678,031 ",Software,Technology,,Quebec,Canada,Other,20180314,,,,,No,,,,,,,Tier2,"  36,372,070 ","  1,295,126 ","  1,668 ",11
V-00716,1044476,TSXV,Mobio Technologies Inc.,MBO,"  3,814,755 ","  38,147,546 ",Internet Software & Services,Technology,,BC,Canada,,,,,,,No,,,,,,,Tier2,"  1,404,240 ","  118,350 ",  183 ,11
V-03971,1117917,TSXV,Moovly Media Inc.,MVY,"  9,290,862 ","  132,726,596 ",Software,Technology,,Belgium,UK/Europe,COB,20160802,,,,,No,,,,,,,Tier2,"  11,552,692 ","  633,392 ",  539 ,11
V-00385,1023852,TSXV,Namsys Inc.,CTZ,"  26,467,742 ","  27,286,332 ",Software,Technology,,ON,Canada,,,,,,,No,,Y,,,,,Tier1,"  5,114,840 ","  4,845,809 ","  2,133 ",11
V-01878,38237,TSXV,NanoTech Security Corp.,NTS,"  34,699,931 ","  69,399,862 ",Hardware & Equipment,Technology,,BC,Canada,,,,,,OTCQX,No,,Y,,,,,Tier1,"  9,090,361 ","  3,413,421 ","  2,456 ",11
V-04402,1180740,TSXV,Neptune Dash Technologies Corp.,DASH,"  12,021,685 ","  85,869,178 ",Blockchain/Cryptocurrency,Technology,Blockchain/Cryptocurrency,BC,Canada,Other,20180119,,,,,No,,,,,,,Tier1,"  54,819,694 ","  6,208,023 ","  5,647 ",11
V-03746,1141830,TSXV,NexOptic Technology Corp.,NXO,"  95,742,498 ","  147,296,150 ",Hardware & Equipment,Technology,,BC,Canada,COB,20160217,,,,OTCQX,No,,Y,,,,,Tier2,"  72,144,205 ","  52,489,586 ","  34,331 ",11
V-04277,1000849,TSXV,Novra Technologies Inc.,NVI,"  1,946,796 ","  35,396,293 ",Communication Technology,Technology,,MB,Canada,TSX Comedown,20151214,,,20160620,,No,,,,,,,Tier2,"  2,654,739 ","  180,950 ",  335 ,11
V-01335,1057676,TSXV,NTG Clarity Networks Inc.,NCI,"  2,621,047 ","  131,052,355 ",IT Consulting & Services,Technology,,ON,Canada,,,,,,,Yes,,,,,,,Tier1,"  48,128,585 ","  1,177,348 ","  1,410 ",10
V-04388,1179385,TSXV,Nubeva Technologies Ltd.,NBVA,"  11,306,346 ","  56,531,728 ",Internet Software & Services,Technology,,USA,USA,QT,20171107,20180302,,,,Yes,,,San Jose,CA,,,Tier1,"  22,043,443 ","  4,189,773 ","  2,775 ",11
V-02040,1023809,TSXV,Oculus VisionTech Inc.,OVT,"  53,643,993 ","  86,522,569 ",Internet Software & Services,Technology,,USA,USA,,,,,,OTCQB,No,,,East Berlin,CT,,,Tier2,"  9,971,866 ","  3,097,756 ","  3,271 ",11
V-01769,1023219,TSXV,OneSoft Solutions Inc.,OSS,"  49,708,350 ","  115,600,813 ",Software,Technology,,AB,Canada,,,,,,OTCQB,Yes,,Y,,,,,Tier2,"  30,060,158 ","  13,958,608 ","  9,408 ",11
V-02601,1109696,TSXV,Personas Social Incorporated,PRSN,"  11,290,628 ","  322,589,359 ",Internet Software & Services,Technology,,ON,Canada,RTO,20070918,,20140310,,OTCQB,No,,,,,,,Tier1,"  30,581,997 ","  2,014,822 ","  2,863 ",11
V-04673,1184315,TSXV,Pivotree Inc.,PVT,"  281,399,002 ","  24,684,123 ",Internet Software & Services,Technology,,ON,Canada,IPO,20201030,,,,,No,,,,,,,Tier1,"  3,173,445 ","  32,334,678 ","  4,326 ",2
V-01123,33516,TSXV,Playgon Games Inc.,DEAL,"  71,888,354 ","  179,720,886 ",Internet Software & Services,Technology,Gaming,BC,Canada,COB,20160711,,,,,No,,Y,,,,,Tier2,"  40,168,058 ","  11,068,749 ","  3,927 ",6
V-04542,1182681,TSXV,Plurilock Security Inc.,PLUR,"  12,066,992 ","  43,879,971 ",Software,Technology,,BC,Canada,QT,20190208,20200924,,,,Yes,,,,,,,Tier2,"  7,715,639 ","  2,282,699 ","  1,440 ",3
V-01924,1074440,TSXV,POET Technologies Inc.,PTK,"  152,569,929 ","  293,403,710 ",Hardware & Equipment,Technology,,USA,USA,RTO,,,20070626,,OTCQX,No,,Y,San Jose,CA,,,Tier2,"  66,121,644 ","  32,920,972 ","  13,420 ",11
V-04607,1183445,TSXV,PopReach Corporation,POPR,"  93,421,353 ","  71,862,579 ",Gaming,Technology,Gaming,ON,Canada,QT,20191011,20200708,,,,Yes,,,,,,,Tier1,"  16,612,328 ","  18,078,348 ","  6,390 ",5
V-04106,1130350,TSXV,Powerband Solutions Inc.,PBX,"  24,976,096 ","  116,167,888 ",Internet Software & Services,Technology,,ON,Canada,QT from NEX,20130307,20180209,,,OTCQB,Yes,,Y,,,,,Tier2,"  75,147,567 ","  15,194,644 ","  9,861 ",11
V-00894,1023549,TSXV,Predictiv AI Inc.,PAI,"  15,567,327 ","  77,836,636 ",IT Consulting & Services,Technology,,ON,Canada,QT,20010719,,,,,No,,Y,,,,,Tier2,"  323,680,648 ","  22,529,796 ","  21,736 ",11
V-02929,1118419,TSXV,Prodigy Ventures Corp.,PGV,"  10,501,094 ","  116,678,820 ",Internet Software & Services,Technology,,ON,Canada,QT from NEX,20081224,20150914,,,,Yes,,,,,,,Tier2,"  2,473,373 ","  258,405 ",  650 ,11
V-02660,1116202,TSXV,ProntoForms Corporation,PFM,"  115,549,296 ","  126,977,248 ",Internet Software & Services,Technology,,ON,Canada,QT,20071113,20090820,,,,Yes,,Y,,,,,Tier2,"  15,784,770 ","  12,792,751 ","  1,096 ",11
V-02875,1116050,TSXV,Quantum Numbers Corp.,QNC,"  2,118,474 ","  60,527,838 ",Software,Technology,,Quebec,Canada,COB,20161206,,,,,Yes,,,,,,,Tier2,"  31,070,387 ","  2,736,262 ","  2,922 ",11
V-03967,1154305,TSXV,Quisitive Technology Solutions Inc.,QUIS,"  178,098,212 ","  193,585,013 ",IT Consulting & Services,Technology,,BC,Canada,QT from NEX,20120307,20180813,,,,Yes,,Y,,,,,Tier2,"  44,470,285 ","  27,556,931 ","  19,917 ",11
V-01631,1058073,TSXV,Quorum Information Technologies Inc.,QIS,"  74,562,737 ","  72,391,007 ",Software,Technology,,AB,Canada,,,,,,,Yes,,Y,,,,,Tier1,"  6,198,589 ","  6,085,350 ","  1,897 ",11
V-04449,1181620,TSXV,Real Brokerage Inc. (The),REAX,"  265,087,704 ","  143,290,651 ",Software,Technology,,USA,USA,QT,20180625,20200612,,,,Yes,,,New York,NY,,Y,Tier1,"  8,533,087 ","  7,249,154 ","  4,661 ",6
V-02259,1104770,TSXV,Reliq Health Technologies Inc.,RHT,"  41,631,996 ","  157,101,873 ",Software,Technology,,BC,Canada,RTO,20060221,20080528,20150423,,,Yes,Y,Y,,,,,Tier2,"  82,899,914 ","  30,320,110 ","  19,067 ",11
V-01675,1057101,TSXV,RenoWorks Software Inc.,RW,"  18,279,504 ","  36,559,007 ",Software,Technology,,AB,Canada,,,,,,,Yes,,,,,,,Tier2,"  5,686,944 ","  1,891,951 ",  907 ,11
V-04434,1179255,TSXV,RESAAS Services Inc.,RSS,"  31,193,101 ","  69,318,002 ",Internet Software & Services,Technology,,BC,Canada,Other,20180404,,,,OTCQB,No,,Y,,,,,Tier2,"  8,241,161 ","  2,491,283 ","  1,604 ",11
V-00958,22778,TSXV,RevoluGROUP Canada Inc.,REVO,"  37,443,153 ","  166,414,015 ",Software,Technology,,BC,Canada,RTO,,,20160321,,,No,,Y,,,,,Tier2,"  152,111,602 ","  44,068,490 ","  27,579 ",11
V-04651,1184005,TSXV,RIWI Corp.,RIWI,"  50,592,443 ","  18,004,428 ",Software,Technology,,ON,Canada,Other,20200727,,,,,No,,,,,,,Tier1,"  1,094,357 ","  3,786,327 ","  1,477 ",5
V-01718,1023743,TSXV,Route1 Inc.,ROI,"  29,902,668 ","  35,179,609 ",Software,Technology,,ON,Canada,,,,,,OTCQB,No,,,,,,,Tier2,"  11,255,969 ","  6,962,616 ","  4,226 ",11
V-01742,1023530,TSXV,Sangoma Technologies Corporation,STC,"  355,509,654 ","  111,096,767 ",Communication Technology,Technology,,ON,Canada,,,,,,,No,Y,Y,,,,,Tier2,"  47,490,288 ","  110,972,616 ","  29,360 ",11
V-00868,24826,TSXV,Skychain Technologies Inc.,SCT,"  6,356,693 ","  14,783,007 ",Blockchain/Cryptocurrency,Technology,Mining Services,BC,Canada,COB,20180926,,,,,No,,,,,,,Tier2,"  1,126,328 ","  196,721 ",  269 ,10
V-03765,1144780,TSXV,Smart Employee Benefits Inc.,SEB,"  25,692,908 ","  165,760,699 ",Software,Technology,,ON,Canada,QT,20110408,20120720,,,,Yes,,Y,,,,,Tier2,"  10,454,048 ","  1,376,541 ",  802 ,11
V-03616,1132880,TSXV,Snipp Interactive Inc.,SPN,"  10,567,376 ","  234,830,571 ",Communication Technology,Technology,,BC,Canada,QT,20100825,20120306,,,,Yes,,,,,,,Tier1,"  35,962,655 ","  748,331 ","  1,255 ",11
SPE0014,1183800,TSXV,Spectra7 Microsystems Inc.,SEV,"  17,875,612 ","  510,731,783 ",Hardware & Equipment,Technology,,USA,USA,TSX Comedown,20200522,,,,,No,,,San Jose,CA,,,Tier2,"  143,594,801 ","  5,522,378 ","  5,438 ",7
V-01905,1023698,TSXV,Sylogist Ltd.,SYZ,"  262,392,681 ","  23,745,944 ",Software,Technology,,AB,Canada,,19981015,,,,,No,,Y,,,,,Tier1,"  6,250,943 ","  64,704,705 ","  8,955 ",11
V-04498,1181460,TSXV,TGS Esports Inc.,TGS,"  12,934,850 ","  68,078,156 ",Gaming,Technology,Gaming,BC,Canada,QT,20181029,20200805,,,,Yes,,,,,,,Tier2,"  6,404,483 ","  974,460 ",  940 ,4
V-01290,1023196,TSXV,The Mint Corporation,MIT,"  4,928,546 ","  197,141,827 ",Software,Technology,,ON,Canada,,,,,,,No,,,,,,,Tier2,"  15,467,163 ","  515,023 ","  1,221 ",8
V-03047,1116539,TSXV,Tinkerine Studios Ltd.,TTD,"  2,480,042 ","  49,600,849 ",Hardware & Equipment,Technology,,BC,Canada,RTO,20091111,,20140414,,,No,,,,,,,Tier2,"  144,787,117 ","  20,568,210 ","  16,617 ",11
V-01987,1023538,TSXV,Total Telcom Inc.,TTZ,"  3,120,627 ","  24,965,013 ",Software,Technology,,BC,Canada,,,,,,,No,,,,,,,Tier2,"  3,296,363 ","  364,740 ",  277 ,11
V-01988,1023552,TSXV,Totally Hip Technologies Inc.,THP,"  7,357,673 ","  122,627,878 ",Internet Software & Services,Technology,,BC,Canada,,,,,,,No,,,,,,,Tier2,"  112,735 ","  10,087 ",  28 ,10
V-03669,1134085,TSXV,Trackx Holdings Inc.,TKX,"  4,893,039 ","  88,964,349 ",Hardware & Equipment,Technology,,USA,USA,RTO,20101124,,20160530,,,No,,,Lone Tree,CO,,,Tier2,"  17,458,657 ","  684,615 ",  985 ,11
V-04561,1181645,TSXV,TrustBIX Inc.,TBIX,"  5,572,183 ","  27,860,913 ",Software,Technology,,AB,Canada,Other,20190429,,,,,No,,,,,,,Tier2,"  167,067 ","  49,036 ",  61 ,10
V-03868,1147385,TSXV,Urbanimmersive Inc.,UI,"  9,471,398 ","  99,698,924 ",Internet Software & Services,Technology,,Quebec,Canada,QT,20110922,20121015,,,,Yes,,,,,,,Tier2,"  38,473,772 ","  2,141,167 ","  1,579 ",11
V-02075,28893,TSXV,Valdor Technology International Inc.,VTI,"  494,023 ","  5,812,033 ",Hardware & Equipment,Technology,,BC,Canada,,,,,,,No,,,,,,,Tier2,"  1,258,883 ","  70,944 ",  288 ,11
V-01875,14569,TSXV,Venzee Technologies Inc.,VENZ,"  11,828,385 ","  168,976,934 ",Software,Technology,,BC,Canada,RTO from NEX,,,20180105,,,No,,Y,,,,,Tier2,"  131,369,621 ","  10,680,930 ","  6,080 ",11
V-02065,1099342,TSXV,VIQ Solutions Inc.,VQS,"  96,517,924 ","  23,201,424 ",Software,Technology,,ON,Canada,Other,20050228,,,,OTCQX,No,,Y,,,,,Tier2,"  4,428,166 ","  16,698,617 ","  7,336 ",11
V-00309,1052334,TSXV,Visionstate Corp.,VIS,"  2,370,523 ","  52,678,281 ",Software,Technology,,AB,Canada,,,,,,,Yes,,,,,,,Tier2,"  42,672,368 ","  2,687,752 ","  3,213 ",11
V-04258,1173030,TSXV,Vitalhub Corp.,VHI,"  68,896,927 ","  26,601,130 ",Software,Technology,,ON,Canada,QT,20150703,20161202,,,,Yes,,Y,,,,,Tier2,"  13,353,184 ","  26,038,361 ","  9,832 ",11
V-01147,17561,TSXV,Voleo Trading Systems Inc.,TRAD,"  7,757,657 ","  31,030,626 ",Internet Software & Services,Technology,,BC,Canada,RTO,,,20190531,,OTCQB,No,,,,,,,Tier2,"  8,634,630 ","  529,389 ",  553 ,11
V-04362,1180160,TSXV,Voti Detection Inc.,VOTI,"  9,449,336 ","  26,998,103 ",Hardware & Equipment,Technology,,Quebec,Canada,QT,20170831,20181119,,,,Yes,,Y,,,,,Tier2,"  2,017,681 ","  1,772,318 ",  808 ,11
V-02744,1115369,TSXV,Water Ways Technologies Inc.,WWT,"  4,520,865 ","  90,417,300 ",Hardware & Equipment,Technology,Agriculture,Israel,Other,QT from NEX,20080214,20190319,,,,Yes,,,,,,Y,Tier1,"  10,062,560 ","  650,565 ",  831 ,11
V-03927,1023697,TSXV,Wi2Wi Corporation,YTY,"  6,843,528 ","  152,078,407 ",Hardware & Equipment,Technology,,USA,USA,RTO from NEX,20111228,,20130205,,,No,,,San Jose,CA,,,Tier2,"  13,307,842 ","  675,701 ",  806 ,11
V-01323,1089804,TSXV,Yangaroo Inc.,YOO,"  9,070,821 ","  60,472,140 ",Internet Software & Services,Technology,,ON,Canada,,,,,,,No,,,,,,,Tier2,"  8,545,747 ","  982,806 ",  696 ,11
V-03627,1118524,TSXV,YDX Innovation Corp.,YDX,"  3,138,029 ","  28,527,537 ",Hardware & Equipment,Technology,Gaming,BC,Canada,RTO,20100831,,20160722,,,No,,,,,,,Tier2,"  8,316,598 ","  1,146,655 ","  2,165 ",11
V-01353,11587,TSXV,Ynvisible Interactive Inc.,YNV,"  31,748,603 ","  81,406,675 ",Hardware & Equipment,Technology,,Portugal,UK/Europe,RTO,,,20180112,,OTCQB,No,,Y,,,,,Tier2,"  23,002,017 ","  7,282,611 ","  4,087 ",11
V-04262,1173415,TSXV,Zonetail Inc.,ZONE,"  4,589,664 ","  131,133,260 ",Software,Technology,,ON,Canada,QT from NEX,20150818,20181122,,,,Yes,,,,,,,Tier2,"  35,259,154 ","  1,213,215 ",  822 ,11
V-04198,1167685,TSXV,Zoomd Technologies Ltd.,ZOMD,"  23,229,842 ","  94,815,681 ",Internet Software & Services,Technology,,Israel,Other,QT from NEX,20140529,20190903,,,,Yes,,,,,,Y,Tier2,"  5,731,022 ","  1,868,325 ","  2,236 ",11